"product","sales","price"
"ADJ Rosy Sunglasses","1711.2000","7"
"Akron City Map","920.4600","34"
"American Beef Bologna","414.1800","47"
"American Chicken Hot Dogs","1224.7200","36"
"American Cole Slaw","484.1600","36"
"American Corned Beef","1356.8000","70"
"American Foot-Long Hot Dogs","1099.9600","44"
"American Low Fat Bologna","1466.5700","9"
"American Low Fat Cole Slaw","1278.0100","10"
"American Pimento Loaf","1540.0800","25"
"American Potato Salad","739.3500","90"
"American Roasted Chicken","1577.0700","80"
"American Sliced Chicken","297.9500","30"
"American Sliced Ham","1653.2400","9"
"American Sliced Turkey","1737.1600","53"
"American Turkey Hot Dogs","1490.5600","37"
"Amigo Lox","1329.0400","27"
"Amigo Scallops","1570.7700","22"
"Applause Canned Mixed Fruit","1556.8000","30"
"Applause Canned Peaches","1301.0400","82"
"Atomic Bubble Gum","1914.7500","23"
"Atomic Malted Milk Balls","836.6000","65"
"Atomic Mint Chocolate Bar","436.5000","59"
"Atomic Mints","1242.0000","97"
"Atomic Semi-Sweet Chocolate Bar","1151.5000","12"
"Atomic Spicy Mints","1535.7600","65"
"Atomic Tasty Candy Bar","308.2200","87"
"Atomic White Chocolate Bar","730.0000","45"
"BBB Best Apple Butter","1059.3000","59"
"BBB Best Apple Jam","861.7800","60"
"BBB Best Apple Jelly","831.7600","23"
"BBB Best Apple Preserves","2184.0500","32"
"BBB Best Brown Sugar","1014.6000","90"
"BBB Best Canola Oil","774.9000","56"
"BBB Best Chunky Peanut Butter","1059.8600","10"
"BBB Best Columbian Coffee","756.0000","79"
"BBB Best Corn Oil","857.7800","66"
"BBB Best Creamy Peanut Butter","647.9000","91"
"BBB Best Decaf Coffee","1539.4300","59"
"BBB Best Extra Chunky Peanut Butter","1456.7200","21"
"BBB Best French Roast Coffee","1845.4100","26"
"BBB Best Grape Jam","1069.7000","64"
"BBB Best Grape Jelly","924.1400","44"
"BBB Best Grape Preserves","1388.2400","27"
"BBB Best Hot Chocolate","1283.4400","3"
"BBB Best Low Fat Apple Butter","290.6400","31"
"BBB Best Oregano","304.2200","45"
"BBB Best Pepper","458.2800","33"
"BBB Best Regular Coffee","626.0800","27"
"BBB Best Salt","328.2300","37"
"BBB Best Sesame Oil","1070.8800","5"
"BBB Best Strawberry Jam","1791.4000","11"
"BBB Best Strawberry Jelly","1690.2000","40"
"BBB Best Strawberry Preserves","1509.2000","66"
"BBB Best Tomato Sauce","390.5500","13"
"BBB Best Vegetable Oil","1698.8400","61"
"BBB Best White Sugar","1485.8400","70"
"Best Choice Apple Fruit Roll","1428.3000","65"
"Best Choice Avocado Dip","1367.7600","14"
"Best Choice BBQ Potato Chips","1489.5200","75"
"Best Choice Beef Jerky","1020.4600","33"
"Best Choice Buttered Popcorn","1068.1700","39"
"Best Choice Cheese Crackers","441.1600","97"
"Best Choice Cheese Dip","1771.4500","67"
"Best Choice Chocolate Chip Cookies","1931.5500","44"
"Best Choice Chocolate Donuts","1182.3500","18"
"Best Choice Corn Chips","1174.3200","58"
"Best Choice Dried Apples","1103.5300","35"
"Best Choice Dried Apricots","1137.0400","2"
"Best Choice Dried Dates","505.6800","4"
"Best Choice Fondue Mix","910.4300","11"
"Best Choice Frosted Cookies","1201.7600","42"
"Best Choice Frosted Donuts","1501.3400","78"
"Best Choice Fudge Brownies","880.5700","65"
"Best Choice Fudge Cookies","1894.8600","91"
"Best Choice Golden Raisins","1642.0600","62"
"Best Choice Graham Crackers","1122.6600","33"
"Best Choice Grape Fruit Roll","884.6600","79"
"Best Choice Lemon Cookies","357.9600","97"
"Best Choice Low Fat BBQ Chips","1106.7000","49"
"Best Choice Low Fat Chips","389.5800","52"
"Best Choice Low Fat Cookies","338.6400","15"
"Best Choice Low Fat Popcorn","1693.3500","15"
"Best Choice Mini Donuts","1313.2000","29"
"Best Choice No Salt Popcorn","653.3100","99"
"Best Choice Potato Chips","1987.7900","11"
"Best Choice Raisins","818.8500","54"
"Best Choice Raspberry Fruit Roll","1511.9100","37"
"Best Choice Salsa Dip","1493.8400","24"
"Best Choice Salted Pretzels","1390.5000","8"
"Best Choice Sesame Crackers","1446.2700","67"
"Best Choice Strawberry Fruit Roll","746.4900","13"
"Best Choice Sugar Cookies","1830.0000","60"
"Best Corn Puffs","882.5600","61"
"Best Grits","1375.7900","26"
"Best Oatmeal","2044.0000","47"
"Best Wheat Puffs","877.3100","54"
"Better Beef Soup","295.8300","29"
"Better Canned Beets","298.2000","83"
"Better Canned Peas","813.4000","31"
"Better Canned String Beans","1002.2400","1"
"Better Canned Tomatos","825.0000","12"
"Better Canned Tuna in Oil","910.5000","57"
"Better Canned Tuna in Water","1617.6800","50"
"Better Canned Yams","1480.0900","77"
"Better Chicken Noodle Soup","722.2000","35"
"Better Chicken Ramen Soup","380.5200","43"
"Better Chicken Soup","2292.4800","12"
"Better Creamed Corn","682.9200","26"
"Better Fancy Canned Anchovies","1386.2400","95"
"Better Fancy Canned Clams","1318.7500","1"
"Better Fancy Canned Oysters","1062.1200","16"
"Better Fancy Canned Sardines","638.4000","75"
"Better Large Canned Shrimp","1145.4000","27"
"Better Noodle Soup","490.6200","10"
"Better Regular Ramen Soup","1832.6000","68"
"Better Rice Soup","681.4200","12"
"Better Turkey Noodle Soup","434.2500","54"
"Better Vegetable Soup","1259.7000","33"
"Big City Canned Mixed Fruit","696.1500","1"
"Big City Canned Peaches","404.3200","7"
"Big Time Apple Cinnamon Waffles","2051.6400","28"
"Big Time Beef TV Dinner","2256.0700","20"
"Big Time Blueberry Waffles","518.5200","16"
"Big Time Chicken TV Dinner","1403.6000","20"
"Big Time Fajita French Fries","856.5700","48"
"Big Time Frozen Broccoli","1694.5600","80"
"Big Time Frozen Carrots","923.3200","60"
"Big Time Frozen Cauliflower","1972.0800","58"
"Big Time Frozen Cheese Pizza","942.4000","8"
"Big Time Frozen Chicken Breast","1223.2200","63"
"Big Time Frozen Chicken Thighs","1814.2500","95"
"Big Time Frozen Chicken Wings","2014.8300","84"
"Big Time Frozen Corn","1861.2400","37"
"Big Time Frozen Mushroom Pizza","765.0000","29"
"Big Time Frozen Pancakes","1697.7600","34"
"Big Time Frozen Peas","2102.7300","83"
"Big Time Frozen Pepperoni Pizza","654.2700","13"
"Big Time Frozen Sausage Pizza","461.6000","13"
"Big Time Grape Popsicles","296.8200","26"
"Big Time Home Style French Fries","696.9000","91"
"Big Time Ice Cream","1664.7700","76"
"Big Time Ice Cream Sandwich","1693.6200","9"
"Big Time Lemon Popsicles","826.1400","12"
"Big Time Lime Popsicles","1415.2500","32"
"Big Time Low Fat French Fries","675.0000","25"
"Big Time Low Fat Waffles","628.3200","27"
"Big Time Orange Popsicles","1918.6900","59"
"Big Time Pancake Mix","783.7200","14"
"Big Time Popsicles","1307.5200","92"
"Big Time Turkey TV Dinner","1865.0100","21"
"Big Time Waffles","352.1000","24"
"Bird Call 200 MG Acetominifen","1949.3400","58"
"Bird Call 200 MG Ibuprofen","1325.6600","20"
"Bird Call Angled Toothbrush","1435.2000","23"
"Bird Call Apricot Shampoo","1197.0000","54"
"Bird Call Buffered Aspirin","806.7600","99"
"Bird Call Childrens Aspirin","1475.1800","37"
"Bird Call Childrens Cold Remedy","922.2000","84"
"Bird Call Conditioning Shampoo","1605.6400","10"
"Bird Call Deodorant","848.8800","95"
"Bird Call Dishwasher Detergent","951.2800","50"
"Bird Call Extra Moisture Shampoo","723.5800","62"
"Bird Call HCL Nasal Spray","295.9200","59"
"Bird Call Laundry Detergent","1107.7500","11"
"Bird Call Mint Mouthwash","302.1000","75"
"Bird Call Multi-Symptom Cold Remedy","1520.1400","45"
"Bird Call Silky Smooth Hair Conditioner","227.2400","97"
"Bird Call Tartar Control Toothpaste","716.8000","50"
"Bird Call Toothpaste","751.8400","59"
"Bird Call Whitening Toothpast","978.6500","44"
"Black Tie City Map","962.4100","43"
"Black Tie Eyeglass Screwdriver","367.1600","83"
"Blue Label Beef Soup","1526.4000","87"
"Blue Label Canned Beets","1727.3300","86"
"Blue Label Canned Peas","2080.1200","69"
"Blue Label Canned String Beans","1166.7900","84"
"Blue Label Canned Tomatos","1138.1300","13"
"Blue Label Canned Tuna in Oil","722.3000","12"
"Blue Label Canned Tuna in Water","823.4400","21"
"Blue Label Canned Yams","1442.8200","68"
"Blue Label Chicken Noodle Soup","819.9500","76"
"Blue Label Chicken Ramen Soup","986.1200","78"
"Blue Label Chicken Soup","1764.0700","62"
"Blue Label Creamed Corn","1489.0200","73"
"Blue Label Fancy Canned Anchovies","656.8800","80"
"Blue Label Fancy Canned Clams","802.7500","82"
"Blue Label Fancy Canned Oysters","1045.3300","70"
"Blue Label Fancy Canned Sardines","885.6000","1"
"Blue Label Large Canned Shrimp","1378.5200","95"
"Blue Label Noodle Soup","901.2500","71"
"Blue Label Regular Ramen Soup","993.0200","72"
"Blue Label Rice Soup","774.3300","48"
"Blue Label Turkey Noodle Soup","468.1600","21"
"Blue Label Vegetable Soup","1227.9100","61"
"Blue Medal Egg Substitute","1056.4800","41"
"Blue Medal Large Brown Eggs","1132.2300","21"
"Blue Medal Large Eggs","1822.2600","79"
"Blue Medal Small Brown Eggs","1341.2000","36"
"Blue Medal Small Eggs","694.3200","40"
"Booker 1% Milk","1625.4000","92"
"Booker 2% Milk","286.7100","40"
"Booker Blueberry Yogurt","1764.5600","24"
"Booker Buttermilk","1210.3000","97"
"Booker Cheese Spread","501.9600","17"
"Booker Chocolate Milk","601.9200","90"
"Booker Havarti Cheese","1614.6000","4"
"Booker Head Cheese","780.1000","43"
"Booker Jack Cheese","1076.7000","6"
"Booker Large Curd Cottage Cheese","329.6400","98"
"Booker Low Fat Cottage Cheese","1844.8200","76"
"Booker Low Fat Sour Cream","748.8000","83"
"Booker Low Fat String Cheese","779.8800","87"
"Booker Mild Cheddar Cheese","324.3600","88"
"Booker Muenster Cheese","1320.2600","78"
"Booker Sharp Cheddar Cheese","947.2000","27"
"Booker Sour Cream","820.4400","98"
"Booker Strawberry Yogurt","2133.2800","12"
"Booker String Cheese","1047.4600","62"
"Booker Whole Milk","1698.8600","75"
"Bravo Beef Soup","1328.5500","87"
"Bravo Canned Beets","1685.2500","12"
"Bravo Canned Peas","799.8000","96"
"Bravo Canned String Beans","1245.7900","48"
"Bravo Canned Tomatos","483.7200","48"
"Bravo Canned Tuna in Oil","1459.5000","95"
"Bravo Canned Tuna in Water","831.6600","33"
"Bravo Canned Yams","854.9000","79"
"Bravo Chicken Noodle Soup","1452.2000","96"
"Bravo Chicken Ramen Soup","388.0000","43"
"Bravo Chicken Soup","1962.1400","25"
"Bravo Creamed Corn","1754.8000","96"
"Bravo Fancy Canned Anchovies","1293.6000","7"
"Bravo Fancy Canned Clams","2055.9000","44"
"Bravo Fancy Canned Oysters","1070.6000","100"
"Bravo Fancy Canned Sardines","1444.5200","67"
"Bravo Large Canned Shrimp","1102.3600","35"
"Bravo Noodle Soup","1962.1200","73"
"Bravo Regular Ramen Soup","588.8000","60"
"Bravo Rice Soup","1524.7500","81"
"Bravo Turkey Noodle Soup","1403.5200","25"
"Bravo Vegetable Soup","951.2800","77"
"Carlson 1% Milk","566.7200","16"
"Carlson 2% Milk","1828.7600","43"
"Carlson Blueberry Yogurt","1719.4800","70"
"Carlson Buttermilk","694.2600","18"
"Carlson Cheese Spread","1031.9400","81"
"Carlson Chocolate Milk","1350.1000","50"
"Carlson Havarti Cheese","662.1800","6"
"Carlson Head Cheese","2417.7300","77"
"Carlson Jack Cheese","1099.8000","67"
"Carlson Large Curd Cottage Cheese","1217.7600","7"
"Carlson Low Fat Cottage Cheese","1167.7500","32"
"Carlson Low Fat Sour Cream","417.9600","37"
"Carlson Low Fat String Cheese","810.8900","89"
"Carlson Mild Cheddar Cheese","2027.5200","35"
"Carlson Muenster Cheese","1980.0000","8"
"Carlson Sharp Cheddar Cheese","1269.4000","34"
"Carlson Sour Cream","1411.2800","44"
"Carlson Strawberry Yogurt","2189.0000","19"
"Carlson String Cheese","710.1600","63"
"Carlson Whole Milk","413.1600","56"
"Carrington Apple Cinnamon Waffles","1724.8700","90"
"Carrington Beef TV Dinner","1063.7700","83"
"Carrington Blueberry Waffles","347.7000","47"
"Carrington Chicken TV Dinner","1283.1000","81"
"Carrington Fajita French Fries","1081.1400","68"
"Carrington Frozen Broccoli","323.1900","96"
"Carrington Frozen Carrots","839.0400","77"
"Carrington Frozen Cauliflower","756.2800","97"
"Carrington Frozen Cheese Pizza","1756.0500","54"
"Carrington Frozen Chicken Breast","525.4500","79"
"Carrington Frozen Chicken Thighs","629.9200","33"
"Carrington Frozen Chicken Wings","1372.1400","25"
"Carrington Frozen Corn","942.4000","27"
"Carrington Frozen Mushroom Pizza","2155.9400","56"
"Carrington Frozen Pancakes","901.6000","2"
"Carrington Frozen Peas","1590.7700","40"
"Carrington Frozen Pepperoni Pizza","1454.6200","92"
"Carrington Frozen Sausage Pizza","1905.1800","41"
"Carrington Grape Popsicles","1653.0000","29"
"Carrington Home Style French Fries","484.8400","19"
"Carrington Ice Cream","1608.5500","8"
"Carrington Ice Cream Sandwich","1339.5200","81"
"Carrington Lemon Popsicles","935.7700","83"
"Carrington Lime Popsicles","843.3500","73"
"Carrington Low Fat French Fries","1308.6300","16"
"Carrington Low Fat Waffles","1528.9200","56"
"Carrington Orange Popsicles","373.2900","36"
"Carrington Pancake Mix","1304.1600","8"
"Carrington Popsicles","1104.6000","32"
"Carrington Turkey TV Dinner","2178.5600","36"
"Carrington Waffles","749.3200","83"
"CDR Apple Butter","919.4800","10"
"CDR Apple Jam","1424.9400","97"
"CDR Apple Jelly","1433.7000","59"
"CDR Apple Preserves","388.8000","2"
"CDR Brown Sugar","1354.8800","31"
"CDR Canola Oil","1302.0000","49"
"CDR Chunky Peanut Butter","1217.5000","52"
"CDR Columbian Coffee","1165.6100","14"
"CDR Corn Oil","1560.5500","12"
"CDR Creamy Peanut Butter","1499.9000","16"
"CDR Decaf Coffee","1910.8000","43"
"CDR Extra Chunky Peanut Butter","978.4800","69"
"CDR French Roast Coffee","1165.7100","15"
"CDR Grape Jam","983.9400","66"
"CDR Grape Preserves","662.8400","87"
"CDR Hot Chocolate","1487.3000","39"
"CDR Low Fat Apple Butter","345.7200","29"
"CDR Oregano","446.6000","26"
"CDR Pepper","1358.9800","44"
"CDR Regular Coffee","1908.1400","40"
"CDR Salt","825.3600","69"
"CDR Sesame Oil","632.4500","24"
"CDR Strawberry Jam","1463.2000","11"
"CDR Strawberry Jelly","315.3700","80"
"CDR Strawberry Preserves","672.0000","70"
"CDR Tomato Sauce","406.6000","10"
"CDR Vegetable Oil","1985.2800","38"
"CDR White Sugar","679.6300","61"
"Choice Bubble Gum","209.8800","90"
"Choice Malted Milk Balls","343.0400","69"
"Choice Mint Chocolate Bar","334.3200","72"
"Choice Mints","986.1000","55"
"Choice Semi-Sweet Chocolate Bar","1301.1500","59"
"Choice Spicy Mints","944.2800","27"
"Choice Tasty Candy Bar","438.7700","56"
"Choice White Chocolate Bar","995.4400","99"
"Club 1% Milk","687.4000","30"
"Club 2% Milk","328.7300","49"
"Club Blueberry Yogurt","1974.9400","57"
"Club Buttermilk","305.6100","38"
"Club Cheese Spread","1104.5300","15"
"Club Chocolate Milk","1145.7600","62"
"Club Havarti Cheese","1884.1500","64"
"Club Head Cheese","635.0400","34"
"Club Jack Cheese","1819.7600","75"
"Club Large Curd Cottage Cheese","1484.0000","75"
"Club Low Fat Cottage Cheese","858.3800","52"
"Club Low Fat Sour Cream","1573.4100","32"
"Club Low Fat String Cheese","1635.9200","5"
"Club Mild Cheddar Cheese","1573.4100","26"
"Club Muenster Cheese","1267.0100","17"
"Club Sharp Cheddar Cheese","1859.1500","4"
"Club Sour Cream","270.3000","68"
"Club Strawberry Yogurt","368.5200","30"
"Club String Cheese","1017.0800","42"
"Club Whole Milk","1175.7200","21"
"Colony Bagels","544.0500","78"
"Colony Blueberry Muffins","1153.2000","28"
"Colony Cranberry Muffins","1375.3500","5"
"Colony English Muffins","788.4800","38"
"Colony Muffins","1005.5300","75"
"Colony Pumpernickel Bread","1109.6200","64"
"Colony Rye Bread","1713.4800","93"
"Colony Wheat Bread","1060.2900","74"
"Colony White Bread","719.9400","92"
"Colossal Manicotti","1108.9100","37"
"Colossal Ravioli","1451.5200","9"
"Colossal Rice Medly","734.3800","32"
"Colossal Spaghetti","1775.9900","33"
"Colossal Thai Rice","1977.8800","67"
"Consolidated 200 MG Acetominifen","935.1300","36"
"Consolidated 200 MG Ibuprofen","2085.5200","79"
"Consolidated Angled Toothbrush","1279.4600","86"
"Consolidated Apricot Shampoo","422.4000","93"
"Consolidated Buffered Aspirin","456.4500","7"
"Consolidated Childrens Aspirin","1927.6300","51"
"Consolidated Childrens Cold Remedy","1370.9400","38"
"Consolidated Conditioning Shampoo","1051.9800","33"
"Consolidated Deodorant","1187.6200","52"
"Consolidated Dishwasher Detergent","1305.6300","60"
"Consolidated Extra Moisture Shampoo","333.6100","42"
"Consolidated HCL Nasal Spray","1122.0000","33"
"Consolidated Laundry Detergent","400.3500","35"
"Consolidated Mint Mouthwash","1082.9700","76"
"Consolidated Multi-Symptom Cold Remedy","1058.8500","75"
"Consolidated Silky Smooth Hair Conditioner","873.1800","50"
"Consolidated Tartar Control Toothpaste","905.2500","21"
"Consolidated Toothpaste","965.7000","56"
"Consolidated Whitening Toothpast","688.6400","15"
"Cormorant 100 Watt Lightbulb","960.1200","5"
"Cormorant 25 Watt Lightbulb","814.9000","80"
"Cormorant 60 Watt Lightbulb","1444.3400","86"
"Cormorant 75 Watt Lightbulb","1313.2500","89"
"Cormorant AA-Size Batteries","1335.8400","90"
"Cormorant AAA-Size Batteries","1041.5900","80"
"Cormorant Bees Wax Candles","990.0700","33"
"Cormorant C-Size Batteries","1617.3300","21"
"Cormorant Copper Cleaner","1419.8400","6"
"Cormorant Copper Pot Scrubber","1820.9500","63"
"Cormorant Counter Cleaner","1036.8000","97"
"Cormorant D-Size Batteries","304.4400","1"
"Cormorant Economy Toilet Brush","1123.2000","9"
"Cormorant Frying Pan","1979.0400","41"
"Cormorant Glass Cleaner","277.7600","79"
"Cormorant Large Sponge","258.9600","73"
"Cormorant Paper Cups","2009.1000","27"
"Cormorant Paper Plates","948.6000","15"
"Cormorant Paper Towels","852.7800","92"
"Cormorant Plastic Forks","1585.3600","18"
"Cormorant Plastic Knives","680.6100","10"
"Cormorant Plastic Spoons","1264.9600","95"
"Cormorant Room Freshener","1933.3300","46"
"Cormorant Scented Tissue","1129.0800","45"
"Cormorant Scented Toilet Tissue","499.7000","86"
"Cormorant Scissors","1321.4500","96"
"Cormorant Screw Driver","1187.8800","24"
"Cormorant Silver Cleaner","1508.0400","28"
"Cormorant Soft Napkins","558.8800","68"
"Cormorant Tissues","1244.6000","56"
"Cormorant Toilet Bowl Cleaner","1722.1200","76"
"Cormorant Toilet Paper","389.7900","11"
"Curlew Lox","915.3000","27"
"Curlew Scallops","1323.5400","98"
"Cutting Edge Beef Bologna","494.7000","12"
"Cutting Edge Chicken Hot Dogs","856.8000","64"
"Cutting Edge Cole Slaw","886.6000","84"
"Cutting Edge Corned Beef","1460.2500","29"
"Cutting Edge Foot-Long Hot Dogs","783.3600","92"
"Cutting Edge Low Fat Bologna","1270.3200","72"
"Cutting Edge Low Fat Cole Slaw","1561.8000","85"
"Cutting Edge Pimento Loaf","944.5800","10"
"Cutting Edge Potato Salad","683.6200","91"
"Cutting Edge Roasted Chicken","979.0800","29"
"Cutting Edge Sliced Chicken","1211.6000","66"
"Cutting Edge Sliced Ham","407.5200","48"
"Cutting Edge Sliced Turkey","1629.7600","38"
"Cutting Edge Turkey Hot Dogs","901.1200","44"
"Denny 100 Watt Lightbulb","2060.9000","7"
"Denny 25 Watt Lightbulb","1146.3500","2"
"Denny 60 Watt Lightbulb","1190.4000","86"
"Denny 75 Watt Lightbulb","2016.0900","26"
"Denny AA-Size Batteries","1838.4000","70"
"Denny AAA-Size Batteries","1574.1000","74"
"Denny Bees Wax Candles","1389.4500","58"
"Denny C-Size Batteries","1768.5900","68"
"Denny Copper Cleaner","264.5500","65"
"Denny Copper Pot Scrubber","894.3300","23"
"Denny Counter Cleaner","1257.0600","16"
"Denny D-Size Batteries","312.3200","11"
"Denny Economy Toilet Brush","1003.2300","6"
"Denny Frying Pan","2042.1600","96"
"Denny Glass Cleaner","252.9600","65"
"Denny Large Sponge","1433.5500","38"
"Denny Paper Cups","889.9800","89"
"Denny Paper Plates","909.3200","36"
"Denny Paper Towels","1892.0500","11"
"Denny Plastic Forks","399.0000","46"
"Denny Plastic Knives","1781.6200","95"
"Denny Plastic Spoons","1159.1100","38"
"Denny Room Freshener","938.8400","5"
"Denny Scented Tissue","1631.8500","7"
"Denny Scented Toilet Tissue","1561.2800","19"
"Denny Scissors","794.9600","75"
"Denny Screw Driver","1320.9000","21"
"Denny Silver Cleaner","864.2600","76"
"Denny Soft Napkins","1137.9300","21"
"Denny Tissues","1381.4200","72"
"Denny Toilet Bowl Cleaner","1157.6800","98"
"Denny Toilet Paper","1422.9900","77"
"Discover Manicotti","909.6500","89"
"Discover Ravioli","454.9600","13"
"Discover Rice Medly","1490.5800","97"
"Discover Spaghetti","1396.3500","48"
"Discover Thai Rice","1351.0900","48"
"Dollar Monthly Auto Magazine","1460.8200","94"
"Dollar Monthly Computer Magazine","1216.9000","27"
"Dollar Monthly Fashion Magazine","1576.0500","52"
"Dollar Monthly Home Magazine","1074.8400","80"
"Dollar Monthly Sports Magazine","515.1400","45"
"Dual City Lox","289.6400","81"
"Dual City Scallops","919.7000","74"
"Ebony Almonds","866.8800","23"
"Ebony Asparagus","508.8000","93"
"Ebony Baby Onion","1443.4200","99"
"Ebony Beets","1395.6500","15"
"Ebony Broccoli","1564.9900","72"
"Ebony Canned Peanuts","663.0600","21"
"Ebony Cantelope","1276.4500","83"
"Ebony Cauliflower","764.5000","54"
"Ebony Corn on the Cob","690.0000","23"
"Ebony Dried Mushrooms","1953.9000","48"
"Ebony Elephant Garlic","1191.1900","71"
"Ebony Fancy Plums","1024.8600","11"
"Ebony Firm Tofu","1156.4500","42"
"Ebony Fresh Lima Beans","939.6000","74"
"Ebony Fuji Apples","1736.6400","47"
"Ebony Garlic","1398.8000","11"
"Ebony Golden Delcious Apples","1587.2100","13"
"Ebony Green Pepper","1425.7000","32"
"Ebony Honey Dew","805.8000","21"
"Ebony Lemons","916.8000","9"
"Ebony Lettuce","2014.7400","78"
"Ebony Limes","480.2400","67"
"Ebony Macintosh Apples","696.6000","99"
"Ebony Mandarin Oranges","977.2200","93"
"Ebony Mixed Nuts","620.3500","71"
"Ebony Mushrooms","279.8700","73"
"Ebony New Potatos","1243.9200","54"
"Ebony Onions","1509.3800","51"
"Ebony Oranges","1645.7600","89"
"Ebony Party Nuts","693.8400","94"
"Ebony Peaches","1021.2400","6"
"Ebony Plums","1821.3300","43"
"Ebony Potatos","744.4800","95"
"Ebony Prepared Salad","1408.6400","48"
"Ebony Red Delcious Apples","441.0000","53"
"Ebony Red Pepper","1506.2400","23"
"Ebony Shitake Mushrooms","1420.2500","52"
"Ebony Squash","1038.0000","90"
"Ebony Summer Squash","1293.9000","97"
"Ebony Sweet Onion","1141.4200","15"
"Ebony Sweet Peas","632.2800","80"
"Ebony Tangerines","1940.4400","57"
"Ebony Tomatos","524.6000","42"
"Ebony Walnuts","1314.5000","40"
"Even Better 1% Milk","1766.7300","71"
"Even Better 2% Milk","404.4800","36"
"Even Better Blueberry Yogurt","1390.7300","64"
"Even Better Buttermilk","645.1500","14"
"Even Better Cheese Spread","1575.6000","76"
"Even Better Chocolate Milk","509.1500","41"
"Even Better Havarti Cheese","2173.2200","74"
"Even Better Head Cheese","447.7200","49"
"Even Better Jack Cheese","445.5000","22"
"Even Better Large Curd Cottage Cheese","2322.6000","61"
"Even Better Low Fat Cottage Cheese","589.2800","41"
"Even Better Low Fat Sour Cream","1572.4800","18"
"Even Better Low Fat String Cheese","1452.9900","68"
"Even Better Mild Cheddar Cheese","993.4500","85"
"Even Better Muenster Cheese","357.8400","21"
"Even Better Sharp Cheddar Cheese","1875.2500","47"
"Even Better Sour Cream","439.5200","71"
"Even Better Strawberry Yogurt","1631.4200","15"
"Even Better String Cheese","1858.5000","60"
"Even Better Whole Milk","663.7500","56"
"Excel Monthly Auto Magazine","1838.9600","2"
"Excel Monthly Computer Magazine","359.5900","37"
"Excel Monthly Fashion Magazine","1003.2300","80"
"Excel Monthly Home Magazine","1285.7000","90"
"Excel Monthly Sports Magazine","286.5500","9"
"Excellent Apple Drink","1624.1000","71"
"Excellent Apple Juice","1315.8600","30"
"Excellent Berry Juice","1229.0100","37"
"Excellent Cola","1214.2600","94"
"Excellent Cranberry Juice","1900.5800","61"
"Excellent Cream Soda","569.2800","21"
"Excellent Diet Cola","1316.5100","20"
"Excellent Diet Soda","721.8100","38"
"Excellent Mango Drink","1715.7000","29"
"Excellent Orange Juice","908.8000","29"
"Excellent Strawberry Drink","795.5000","59"
"Fabulous Apple Drink","1260.0200","7"
"Fabulous Apple Juice","1855.9200","56"
"Fabulous Berry Juice","395.5000","58"
"Fabulous Cola","457.6000","22"
"Fabulous Cranberry Juice","393.2500","34"
"Fabulous Cream Soda","1301.0400","5"
"Fabulous Diet Cola","994.0800","23"
"Fabulous Diet Soda","1289.3400","97"
"Fabulous Mango Drink","1567.6800","18"
"Fabulous Orange Juice","1792.6500","97"
"Fabulous Strawberry Drink","2377.9000","35"
"Fantastic Bagels","1822.8600","81"
"Fantastic Blueberry Muffins","400.2000","100"
"Fantastic Cranberry Muffins","1304.8000","57"
"Fantastic English Muffins","856.5000","84"
"Fantastic Muffins","345.8700","48"
"Fantastic Pumpernickel Bread","1665.4300","88"
"Fantastic Rye Bread","1572.4800","98"
"Fantastic Wheat Bread","917.6000","25"
"Fantastic White Bread","531.5600","27"
"Fast Apple Fruit Roll","1558.0800","61"
"Fast Avocado Dip","1719.8500","23"
"Fast BBQ Potato Chips","1272.3900","30"
"Fast Beef Jerky","1058.4000","82"
"Fast Buttered Popcorn","251.9400","20"
"Fast Cheese Crackers","1948.5400","50"
"Fast Cheese Dip","1592.9400","91"
"Fast Chocolate Chip Cookies","1364.8800","7"
"Fast Chocolate Donuts","1284.0000","57"
"Fast Corn Chips","1849.9200","68"
"Fast Dried Apples","1745.8400","67"
"Fast Dried Apricots","294.4100","32"
"Fast Dried Dates","1859.7600","55"
"Fast Fondue Mix","1367.5200","81"
"Fast Frosted Cookies","1044.7700","42"
"Fast Frosted Donuts","966.0000","62"
"Fast Fudge Brownies","1442.7200","85"
"Fast Fudge Cookies","1595.3600","42"
"Fast Golden Raisins","359.5900","53"
"Fast Graham Crackers","483.6000","38"
"Fast Grape Fruit Roll","439.2000","31"
"Fast Lemon Cookies","1348.8500","41"
"Fast Low Fat BBQ Chips","311.4000","13"
"Fast Low Fat Chips","1794.3900","37"
"Fast Low Fat Cookies","513.6000","49"
"Fast Low Fat Popcorn","807.8500","33"
"Fast Mini Donuts","1455.8000","18"
"Fast No Salt Popcorn","1056.5600","87"
"Fast Potato Chips","955.5000","83"
"Fast Raisins","624.0000","54"
"Fast Raspberry Fruit Roll","688.1600","20"
"Fast Salsa Dip","811.8000","37"
"Fast Salted Pretzels","809.1000","22"
"Fast Sesame Crackers","273.9000","2"
"Fast Strawberry Fruit Roll","1563.2500","40"
"Fast Sugar Cookies","2012.4000","93"
"Faux Products 200 MG Acetominifen","1164.6400","46"
"Faux Products 200 MG Ibuprofen","613.4700","51"
"Faux Products Angled Toothbrush","1127.7400","16"
"Faux Products Apricot Shampoo","1624.1000","26"
"Faux Products Buffered Aspirin","1977.6000","81"
"Faux Products Childrens Aspirin","1010.9200","27"
"Faux Products Childrens Cold Remedy","804.4500","91"
"Faux Products Conditioning Shampoo","849.5200","74"
"Faux Products Deodorant","1443.7500","95"
"Faux Products Dishwasher Detergent","927.4200","56"
"Faux Products Extra Moisture Shampoo","1178.7600","94"
"Faux Products HCL Nasal Spray","887.1100","5"
"Faux Products Laundry Detergent","1224.2700","37"
"Faux Products Mint Mouthwash","1269.6000","69"
"Faux Products Multi-Symptom Cold Remedy","293.6200","34"
"Faux Products Silky Smooth Hair Conditioner","950.3500","62"
"Faux Products Tartar Control Toothpaste","437.9200","10"
"Faux Products Toothpaste","1901.6300","60"
"Faux Products Whitening Toothpast","340.6000","71"
"Footnote Extra Lean Hamburger","525.7400","75"
"Footnote Seasoned Hamburger","849.3000","63"
"Fort West Apple Fruit Roll","1999.8000","88"
"Fort West Avocado Dip","323.4000","51"
"Fort West BBQ Potato Chips","2328.0000","91"
"Fort West Beef Jerky","549.1000","2"
"Fort West Buttered Popcorn","1369.9000","33"
"Fort West Cheese Crackers","1393.2000","59"
"Fort West Cheese Dip","345.8400","96"
"Fort West Chocolate Chip Cookies","806.0000","7"
"Fort West Chocolate Donuts","1214.4600","43"
"Fort West Corn Chips","618.6600","91"
"Fort West Dried Apples","779.7600","30"
"Fort West Dried Apricots","1388.1600","74"
"Fort West Dried Dates","1733.8300","79"
"Fort West Fondue Mix","843.0000","76"
"Fort West Frosted Cookies","1377.7200","42"
"Fort West Frosted Donuts","1330.5600","81"
"Fort West Fudge Brownies","1314.5200","79"
"Fort West Fudge Cookies","1243.0000","53"
"Fort West Golden Raisins","779.7900","28"
"Fort West Graham Crackers","1089.3200","79"
"Fort West Grape Fruit Roll","1249.8200","14"
"Fort West Lemon Cookies","1780.0000","29"
"Fort West Low Fat BBQ Chips","1001.1000","1"
"Fort West Low Fat Chips","882.3000","18"
"Fort West Low Fat Cookies","968.4000","84"
"Fort West Low Fat Popcorn","796.3200","69"
"Fort West Mini Donuts","888.2200","92"
"Fort West No Salt Popcorn","772.3400","55"
"Fort West Potato Chips","1098.6500","95"
"Fort West Raisins","1186.8000","11"
"Fort West Raspberry Fruit Roll","1830.4800","69"
"Fort West Salsa Dip","829.9000","13"
"Fort West Salted Pretzels","1105.4700","55"
"Fort West Sesame Crackers","705.6000","38"
"Fort West Strawberry Fruit Roll","882.0000","24"
"Fort West Sugar Cookies","1255.6100","6"
"Framton City Map","1458.2000","54"
"Framton Eyeglass Screwdriver","1743.0300","53"
"Gauss Monthly Auto Magazine","1665.2200","4"
"Gauss Monthly Computer Magazine","2126.2900","56"
"Gauss Monthly Fashion Magazine","437.4100","71"
"Gauss Monthly Home Magazine","814.6600","85"
"Gauss Monthly Sports Magazine","2143.2000","12"
"Genteel Extra Lean Hamburger","1037.4000","5"
"Genteel Seasoned Hamburger","617.5500","86"
"Gerolli Extra Lean Hamburger","2068.5600","18"
"Gerolli Seasoned Hamburger","710.2000","31"
"Giant Egg Substitute","647.7100","97"
"Giant Large Brown Eggs","1850.8800","95"
"Giant Large Eggs","843.1500","86"
"Giant Small Brown Eggs","853.2900","44"
"Giant Small Eggs","1170.6800","59"
"Golden Apple Cinnamon Waffles","331.7000","64"
"Golden Beef TV Dinner","955.2600","43"
"Golden Blueberry Waffles","477.3000","23"
"Golden Chicken TV Dinner","329.8100","82"
"Golden Fajita French Fries","796.5900","45"
"Golden Frozen Broccoli","1518.4800","78"
"Golden Frozen Carrots","865.7800","53"
"Golden Frozen Cauliflower","1938.1200","33"
"Golden Frozen Cheese Pizza","421.6400","3"
"Golden Frozen Chicken Breast","1317.8900","15"
"Golden Frozen Chicken Thighs","1125.6500","66"
"Golden Frozen Chicken Wings","1980.1200","83"
"Golden Frozen Corn","1020.8400","19"
"Golden Frozen Mushroom Pizza","491.5200","45"
"Golden Frozen Pancakes","735.7600","67"
"Golden Frozen Peas","1140.9900","99"
"Golden Frozen Pepperoni Pizza","1136.3200","97"
"Golden Frozen Sausage Pizza","833.0400","86"
"Golden Grape Popsicles","996.4500","39"
"Golden Home Style French Fries","334.8000","35"
"Golden Ice Cream","492.1000","59"
"Golden Ice Cream Sandwich","1968.3400","91"
"Golden Lemon Popsicles","620.3700","77"
"Golden Lime Popsicles","1288.7000","13"
"Golden Low Fat French Fries","1719.6300","28"
"Golden Low Fat Waffles","1412.1000","5"
"Golden Orange Popsicles","2060.2800","37"
"Golden Pancake Mix","1182.3600","70"
"Golden Popsicles","2050.0500","42"
"Golden Turkey TV Dinner","1099.3100","98"
"Golden Waffles","401.9400","64"
"Good Chablis Wine","1635.8400","24"
"Good Chardonnay","1331.9400","28"
"Good Chardonnay Wine","970.5300","67"
"Good Imported Beer","981.7200","50"
"Good Light Beer","1164.1200","51"
"Good Light Wine","454.0100","2"
"Good Merlot Wine","1137.9200","55"
"Good White Zinfandel Wine","2177.8700","70"
"Gorilla 1% Milk","1124.7000","85"
"Gorilla 2% Milk","1885.5900","18"
"Gorilla Blueberry Yogurt","345.4400","29"
"Gorilla Buttermilk","733.0800","90"
"Gorilla Cheese Spread","1650.4200","67"
"Gorilla Chocolate Milk","782.0400","63"
"Gorilla Havarti Cheese","1609.8800","14"
"Gorilla Head Cheese","1386.4400","76"
"Gorilla Jack Cheese","2047.5300","43"
"Gorilla Large Curd Cottage Cheese","1574.7200","82"
"Gorilla Low Fat Cottage Cheese","813.2600","85"
"Gorilla Low Fat Sour Cream","463.6900","79"
"Gorilla Low Fat String Cheese","1579.2700","37"
"Gorilla Mild Cheddar Cheese","1720.6700","49"
"Gorilla Muenster Cheese","891.0000","34"
"Gorilla Sharp Cheddar Cheese","1838.0800","23"
"Gorilla Sour Cream","1276.8000","10"
"Gorilla Strawberry Yogurt","1162.0800","79"
"Gorilla String Cheese","814.4500","67"
"Gorilla Whole Milk","272.0600","98"
"Great Bagels","999.1200","90"
"Great Blueberry Muffins","1451.7600","56"
"Great Cranberry Muffins","1868.1600","11"
"Great English Muffins","1597.8300","81"
"Great Muffins","1469.2200","76"
"Great Pumpernickel Bread","2408.5600","37"
"Great Rye Bread","2134.5800","56"
"Great Wheat Bread","523.5900","67"
"Great White Bread","1935.8400","69"
"Green Ribbon Canned Mixed Fruit","640.5900","41"
"Green Ribbon Canned Peaches","1477.2500","98"
"Gulf Coast Bubble Gum","1961.9600","68"
"Gulf Coast Malted Milk Balls","880.8600","44"
"Gulf Coast Mint Chocolate Bar","1555.2600","18"
"Gulf Coast Mints","1890.3600","53"
"Gulf Coast Semi-Sweet Chocolate Bar","1529.0000","15"
"Gulf Coast Spicy Mints","951.2800","13"
"Gulf Coast Tasty Candy Bar","1376.9000","18"
"Gulf Coast White Chocolate Bar","1472.1200","50"
"Hermanos Almonds","1003.2000","96"
"Hermanos Asparagus","1139.5300","34"
"Hermanos Baby Onion","801.4500","79"
"Hermanos Beets","1170.6600","93"
"Hermanos Broccoli","1632.8500","29"
"Hermanos Canned Peanuts","1356.0800","61"
"Hermanos Cantelope","1529.7200","22"
"Hermanos Cauliflower","1585.7600","22"
"Hermanos Corn on the Cob","1621.6400","44"
"Hermanos Dried Mushrooms","753.0000","53"
"Hermanos Elephant Garlic","1779.4200","35"
"Hermanos Fancy Plums","441.9600","16"
"Hermanos Firm Tofu","1284.6400","73"
"Hermanos Fresh Lima Beans","1626.9900","18"
"Hermanos Fuji Apples","682.1100","66"
"Hermanos Garlic","1351.8200","80"
"Hermanos Golden Delcious Apples","777.4200","4"
"Hermanos Green Pepper","2489.7000","74"
"Hermanos Honey Dew","1438.4000","61"
"Hermanos Lemons","2277.3200","82"
"Hermanos Lettuce","1780.8000","29"
"Hermanos Limes","859.3600","94"
"Hermanos Macintosh Apples","415.1400","84"
"Hermanos Mandarin Oranges","1906.4300","39"
"Hermanos Mixed Nuts","2013.6600","39"
"Hermanos Mushrooms","913.5000","79"
"Hermanos New Potatos","2103.5800","77"
"Hermanos Onions","1775.6100","50"
"Hermanos Oranges","1418.2400","17"
"Hermanos Party Nuts","1128.6000","31"
"Hermanos Peaches","960.6600","7"
"Hermanos Plums","1567.8200","40"
"Hermanos Potatos","597.9900","77"
"Hermanos Prepared Salad","2030.8200","68"
"Hermanos Red Delcious Apples","1630.9600","9"
"Hermanos Red Pepper","1081.8000","38"
"Hermanos Shitake Mushrooms","1428.0000","61"
"Hermanos Squash","784.6900","94"
"Hermanos Summer Squash","984.3700","85"
"Hermanos Sweet Onion","1052.2500","44"
"Hermanos Sweet Peas","1424.3700","64"
"Hermanos Tangerines","357.7000","89"
"Hermanos Tomatos","569.4800","52"
"Hermanos Walnuts","1120.3800","90"
"High Quality 100 Watt Lightbulb","782.3200","95"
"High Quality 25 Watt Lightbulb","276.0000","8"
"High Quality 60 Watt Lightbulb","1986.6600","49"
"High Quality 75 Watt Lightbulb","1089.5300","23"
"High Quality AA-Size Batteries","720.6200","66"
"High Quality AAA-Size Batteries","1607.0400","61"
"High Quality Bees Wax Candles","827.9200","8"
"High Quality C-Size Batteries","1430.4100","52"
"High Quality Copper Cleaner","1885.0000","39"
"High Quality Copper Pot Scrubber","1027.7000","38"
"High Quality Counter Cleaner","1457.9100","73"
"High Quality D-Size Batteries","1220.8000","53"
"High Quality Economy Toilet Brush","668.5900","42"
"High Quality Frying Pan","1626.9900","51"
"High Quality Glass Cleaner","1025.6700","29"
"High Quality Large Sponge","414.7200","91"
"High Quality Paper Cups","851.1600","71"
"High Quality Paper Plates","1832.6400","79"
"High Quality Paper Towels","1325.7200","81"
"High Quality Plastic Forks","1269.8400","69"
"High Quality Plastic Knives","1835.4000","99"
"High Quality Plastic Spoons","943.8000","92"
"High Quality Room Freshener","1437.5200","63"
"High Quality Scented Tissue","1693.2000","36"
"High Quality Scented Toilet Tissue","2079.0400","88"
"High Quality Scissors","1756.0800","37"
"High Quality Screw Driver","1179.0000","19"
"High Quality Silver Cleaner","1359.3600","80"
"High Quality Soft Napkins","886.4400","45"
"High Quality Tissues","1113.7000","86"
"High Quality Toilet Bowl Cleaner","1042.4400","93"
"High Quality Toilet Paper","1358.5000","9"
"High Top Almondsaaaaa","892.0800","62"
"High Top Asparagus","756.4700","84"
"High Top Baby Onion","1752.6000","33"
"High Top Beets","1123.6500","13"
"High Top Broccoli","301.1400","63"
"High Top Canned Peanuts","1040.2300","76"
"High Top Cantelope","1071.9800","93"
"High Top Cauliflower","1137.3000","36"
"High Top Corn on the Cob","1832.6400","100"
"High Top Dried Mushrooms","1929.8400","92"
"High Top Elephant Garlic","997.2800","61"
"High Top Fancy Plums","1205.7500","27"
"High Top Firm Tofu","1572.4800","51"
"High Top Fresh Lima Beans","1406.3000","75"
"High Top Fuji Apples","699.1600","21"
"High Top Garlic","1747.6000","77"
"High Top Golden Delcious Apples","1373.5200","26"
"High Top Green Pepper","1597.7500","96"
"High Top Honey Dew","886.3800","4"
"High Top Lemons","833.3300","27"
"High Top Lettuce","444.5400","24"
"High Top Limes","1725.9200","36"
"High Top Macintosh Apples","1269.5800","11"
"High Top Mandarin Oranges","840.0000","45"
"High Top Mixed Nuts","1357.7100","92"
"High Top Mushrooms","1465.4400","27"
"High Top New Potatos","2313.8500","54"
"High Top Onions","574.5600","91"
"High Top Oranges","884.7800","92"
"High Top Party Nuts","1381.8000","86"
"High Top Peaches","768.8400","57"
"High Top Plums","992.2500","24"
"High Top Potatos","302.1000","50"
"High Top Prepared Salad","798.4600","74"
"High Top Red Delcious Apples","463.6800","24"
"High Top Red Pepper","1178.4900","93"
"High Top Shitake Mushrooms","343.6200","97"
"High Top Squash","826.8800","4"
"High Top Summer Squash","1392.4000","29"
"High Top Sweet Onion","644.8000","29"
"High Top Sweet Peas","841.3200","59"
"High Top Tangerines","295.6800","10"
"High Top Tomatos","595.3200","69"
"High Top Walnuts","1338.2400","16"
"Hilltop 200 MG Acetominifen","1667.5300","71"
"Hilltop 200 MG Ibuprofen","2170.8000","7"
"Hilltop Angled Toothbrush","1886.0400","19"
"Hilltop Apricot Shampoo","1299.4800","75"
"Hilltop Buffered Aspirin","1461.6300","17"
"Hilltop Childrens Aspirin","1301.6900","59"
"Hilltop Childrens Cold Remedy","423.4000","45"
"Hilltop Conditioning Shampoo","1967.0700","48"
"Hilltop Deodorant","1664.2800","5"
"Hilltop Dishwasher Detergent","976.0800","76"
"Hilltop Extra Moisture Shampoo","2161.9500","69"
"Hilltop HCL Nasal Spray","1118.2500","15"
"Hilltop Laundry Detergent","956.1600","66"
"Hilltop Mint Mouthwash","2447.1200","88"
"Hilltop Multi-Symptom Cold Remedy","1621.5900","40"
"Hilltop Silky Smooth Hair Conditioner","990.8500","34"
"Hilltop Tartar Control Toothpaste","1417.7800","48"
"Hilltop Toothpaste","314.2900","38"
"Hilltop Whitening Toothpast","798.4000","46"
"Horatio Apple Fruit Roll","831.6000","14"
"Horatio Avocado Dip","1656.7800","30"
"Horatio BBQ Potato Chips","962.7800","11"
"Horatio Beef Jerky","872.1000","61"
"Horatio Buttered Popcorn","1099.8000","74"
"Horatio Cheese Crackers","1253.0700","89"
"Horatio Cheese Dip","1288.9800","21"
"Horatio Chocolate Chip Cookies","1338.6000","36"
"Horatio Chocolate Donuts","893.2000","16"
"Horatio Corn Chips","1696.8000","69"
"Horatio Dried Apples","902.7000","2"
"Horatio Dried Apricots","417.2400","97"
"Horatio Dried Dates","824.8800","81"
"Horatio Fondue Mix","1171.3200","17"
"Horatio Frosted Cookies","2262.0000","36"
"Horatio Frosted Donuts","741.0000","30"
"Horatio Fudge Brownies","928.5600","41"
"Horatio Fudge Cookies","2218.6200","15"
"Horatio Golden Raisins","952.2800","50"
"Horatio Graham Crackers","1635.6000","6"
"Horatio Grape Fruit Roll","730.3500","75"
"Horatio Lemon Cookies","824.2200","60"
"Horatio Low Fat BBQ Chips","652.0800","75"
"Horatio Low Fat Chips","1969.3800","93"
"Horatio Low Fat Cookies","1000.1600","41"
"Horatio Low Fat Popcorn","1546.6200","23"
"Horatio Mini Donuts","809.6400","89"
"Horatio No Salt Popcorn","2005.5000","82"
"Horatio Potato Chips","446.0800","40"
"Horatio Raisins","1049.4000","52"
"Horatio Raspberry Fruit Roll","1584.7200","41"
"Horatio Salsa Dip","1274.6500","47"
"Horatio Salted Pretzels","1625.9900","13"
"Horatio Sesame Crackers","1459.6500","20"
"Horatio Strawberry Fruit Roll","817.7400","59"
"Horatio Sugar Cookies","2041.2000","39"
"Imagine Apple Cinnamon Waffles","836.2200","15"
"Imagine Beef TV Dinner","421.4000","58"
"Imagine Blueberry Waffles","622.3700","47"
"Imagine Chicken TV Dinner","1180.9000","57"
"Imagine Fajita French Fries","1583.7200","47"
"Imagine Frozen Broccoli","1043.2800","63"
"Imagine Frozen Carrots","2050.1600","73"
"Imagine Frozen Cauliflower","922.5300","75"
"Imagine Frozen Cheese Pizza","1593.0000","59"
"Imagine Frozen Chicken Breast","1799.2000","66"
"Imagine Frozen Chicken Thighs","460.4600","54"
"Imagine Frozen Chicken Wings","1129.0500","72"
"Imagine Frozen Corn","1007.9200","98"
"Imagine Frozen Mushroom Pizza","863.3500","76"
"Imagine Frozen Pancakes","948.0900","82"
"Imagine Frozen Peas","978.6800","83"
"Imagine Frozen Pepperoni Pizza","1702.3200","70"
"Imagine Frozen Sausage Pizza","290.1300","99"
"Imagine Grape Popsicles","1437.6400","87"
"Imagine Home Style French Fries","257.5500","40"
"Imagine Ice Cream","877.6100","34"
"Imagine Ice Cream Sandwich","1601.7900","49"
"Imagine Lemon Popsicles","295.4700","42"
"Imagine Lime Popsicles","1599.3600","62"
"Imagine Low Fat French Fries","1858.4000","86"
"Imagine Low Fat Waffles","790.5500","44"
"Imagine Orange Popsicles","443.5200","61"
"Imagine Pancake Mix","1154.8600","74"
"Imagine Popsicles","2160.2700","84"
"Imagine Turkey TV Dinner","1306.1600","98"
"Imagine Waffles","2128.5000","41"
"James Bay City Map","963.2000","10"
"James Bay Eyeglass Screwdriver","2033.6400","22"
"Jardon Manicotti","658.8000","82"
"Jardon Ravioli","529.9200","44"
"Jardon Rice Medly","283.6200","74"
"Jardon Spaghetti","254.8800","38"
"Jardon Thai Rice","875.9000","67"
"Jeffers Corn Puffs","1274.6500","21"
"Jeffers Grits","1145.0000","99"
"Jeffers Oatmeal","871.6400","38"
"Jeffers Wheat Puffs","876.2200","88"
"Johnson Corn Puffs","415.7200","28"
"Johnson Grits","1320.7000","75"
"Johnson Oatmeal","334.8000","93"
"Johnson Wheat Puffs","424.1300","39"
"Jumbo Egg Substitute","1476.0900","15"
"Jumbo Large Brown Eggs","1082.7200","54"
"Jumbo Large Eggs","1804.8000","28"
"Jumbo Small Brown Eggs","627.6400","73"
"Jumbo Small Eggs","334.5000","86"
"Just Right Beef Soup","882.8100","9"
"Just Right Canned Beets","939.6000","83"
"Just Right Canned Peas","1202.6700","90"
"Just Right Canned String Beans","697.2000","3"
"Just Right Canned Tomatos","1165.3000","40"
"Just Right Canned Tuna in Oil","989.1200","92"
"Just Right Canned Tuna in Water","710.4000","40"
"Just Right Canned Yams","801.0400","22"
"Just Right Chicken Noodle Soup","1370.4000","90"
"Just Right Chicken Ramen Soup","363.5600","86"
"Just Right Chicken Soup","1392.9300","58"
"Just Right Creamed Corn","1846.0600","33"
"Just Right Fancy Canned Anchovies","1576.0500","86"
"Just Right Fancy Canned Clams","1239.8800","37"
"Just Right Fancy Canned Oysters","749.0600","22"
"Just Right Fancy Canned Sardines","445.5600","98"
"Just Right Large Canned Shrimp","1545.6700","28"
"Just Right Noodle Soup","721.8100","42"
"Just Right Regular Ramen Soup","970.5300","24"
"Just Right Rice Soup","2286.0800","95"
"Just Right Turkey Noodle Soup","1215.8900","3"
"Just Right Vegetable Soup","820.5000","29"
"King Rosy Sunglasses","445.5000","36"
"Kiwi Lox","1221.7500","90"
"Kiwi Scallops","1289.9600","46"
"Lake Beef Bologna","328.3200","57"
"Lake Chicken Hot Dogs","792.5400","46"
"Lake Cole Slaw","868.5600","57"
"Lake Corned Beef","1165.3200","47"
"Lake Foot-Long Hot Dogs","1181.9800","65"
"Lake Low Fat Bologna","897.1200","83"
"Lake Low Fat Cole Slaw","504.9900","21"
"Lake Pimento Loaf","2097.2000","54"
"Lake Potato Salad","1976.0700","8"
"Lake Roasted Chicken","1463.0000","73"
"Lake Sliced Chicken","785.0700","46"
"Lake Sliced Ham","1428.8400","7"
"Lake Sliced Turkey","1776.0000","96"
"Lake Turkey Hot Dogs","399.7300","61"
"Landslide Apple Butter","1408.9600","18"
"Landslide Apple Jam","662.3400","3"
"Landslide Apple Jelly","1855.9800","59"
"Landslide Apple Preserves","639.4000","86"
"Landslide Brown Sugar","1556.8000","57"
"Landslide Canola Oil","1328.6800","24"
"Landslide Chunky Peanut Butter","749.7600","49"
"Landslide Columbian Coffee","1345.5200","72"
"Landslide Corn Oil","667.8900","12"
"Landslide Creamy Peanut Butter","782.6000","42"
"Landslide Decaf Coffee","1328.2500","73"
"Landslide Extra Chunky Peanut Butter","353.3200","43"
"Landslide French Roast Coffee","1257.4400","91"
"Landslide Grape Jam","696.6000","31"
"Landslide Grape Jelly","457.6500","78"
"Landslide Grape Preserves","1529.0500","100"
"Landslide Hot Chocolate","314.2400","64"
"Landslide Low Fat Apple Butter","1298.4400","22"
"Landslide Oregano","931.8400","14"
"Landslide Pepper","1538.4600","4"
"Landslide Regular Coffee","1020.2700","76"
"Landslide Salt","456.7400","72"
"Landslide Sesame Oil","271.4400","29"
"Landslide Strawberry Jam","707.6000","30"
"Landslide Strawberry Jelly","369.9200","61"
"Landslide Strawberry Preserves","1217.2500","14"
"Landslide Tomato Sauce","598.7500","86"
"Landslide Vegetable Oil","1234.7800","90"
"Landslide White Sugar","685.5200","90"
"Medalist Manicotti","734.3200","83"
"Medalist Ravioli","1946.8800","43"
"Medalist Rice Medly","2014.3800","65"
"Medalist Spaghetti","1957.0000","96"
"Medalist Thai Rice","1584.6000","86"
"Mighty Good Monthly Auto Magazine","917.6000","41"
"Mighty Good Monthly Computer Magazine","779.7600","46"
"Mighty Good Monthly Fashion Magazine","851.1600","8"
"Mighty Good Monthly Home Magazine","1455.3000","98"
"Mighty Good Monthly Sports Magazine","1479.8000","68"
"Modell Bagels","1684.0500","47"
"Modell Blueberry Muffins","712.4700","29"
"Modell Cranberry Muffins","1622.7400","2"
"Modell English Muffins","940.5000","21"
"Modell Muffins","1222.4400","99"
"Modell Pumpernickel Bread","829.9200","34"
"Modell Rye Bread","2275.4700","70"
"Modell Wheat Bread","270.3000","48"
"Modell White Bread","580.8600","32"
"Moms Beef Bologna","1457.3400","12"
"Moms Chicken Hot Dogs","910.3900","63"
"Moms Cole Slaw","1160.3400","81"
"Moms Corned Beef","1471.2500","17"
"Moms Foot-Long Hot Dogs","2325.4000","36"
"Moms Low Fat Bologna","1182.3000","33"
"Moms Low Fat Cole Slaw","739.3200","54"
"Moms Pimento Loaf","1371.7100","70"
"Moms Potato Salad","1424.9700","87"
"Moms Roasted Chicken","1093.5000","28"
"Moms Sliced Chicken","1426.7200","75"
"Moms Sliced Ham","856.4400","92"
"Moms Sliced Turkey","333.7200","35"
"Moms Turkey Hot Dogs","658.2300","95"
"Monarch Manicotti","1666.6000","75"
"Monarch Ravioli","1548.6000","88"
"Monarch Rice Medly","1152.0000","16"
"Monarch Spaghetti","804.5400","14"
"Monarch Thai Rice","1430.6000","21"
"Musial Bubble Gum","942.8800","63"
"Musial Malted Milk Balls","453.0100","54"
"Musial Mint Chocolate Bar","560.5600","77"
"Musial Mints","1748.9800","25"
"Musial Semi-Sweet Chocolate Bar","1410.6200","93"
"Musial Spicy Mints","1550.5200","90"
"Musial Tasty Candy Bar","1207.5000","72"
"Musial White Chocolate Bar","1797.3200","89"
"National Egg Substitute","1873.7400","30"
"National Large Brown Eggs","601.3800","78"
"National Large Eggs","529.1700","5"
"National Small Brown Eggs","1088.4300","86"
"National Small Eggs","1260.0400","17"
"Nationeel Apple Fruit Roll","1941.0600","24"
"Nationeel Avocado Dip","1486.9700","68"
"Nationeel BBQ Potato Chips","822.0000","67"
"Nationeel Beef Jerky","1226.1600","34"
"Nationeel Buttered Popcorn","1347.8700","64"
"Nationeel Cheese Crackers","686.2800","21"
"Nationeel Cheese Dip","1052.2800","10"
"Nationeel Chocolate Chip Cookies","1827.1200","84"
"Nationeel Chocolate Donuts","1369.5500","93"
"Nationeel Corn Chips","1063.7500","12"
"Nationeel Dried Apples","1780.0200","78"
"Nationeel Dried Apricots","1363.0000","58"
"Nationeel Dried Dates","1002.7300","55"
"Nationeel Fondue Mix","1221.0000","98"
"Nationeel Frosted Cookies","886.7200","26"
"Nationeel Frosted Donuts","855.4200","33"
"Nationeel Fudge Brownies","976.4100","89"
"Nationeel Fudge Cookies","732.7200","46"
"Nationeel Golden Raisins","1610.2800","63"
"Nationeel Graham Crackers","988.3500","75"
"Nationeel Grape Fruit Roll","1318.6400","86"
"Nationeel Lemon Cookies","1362.7800","4"
"Nationeel Low Fat BBQ Chips","1657.6000","62"
"Nationeel Low Fat Chips","1588.8600","96"
"Nationeel Low Fat Cookies","349.1400","95"
"Nationeel Low Fat Popcorn","1943.8800","86"
"Nationeel Mini Donuts","738.8400","45"
"Nationeel No Salt Popcorn","345.0000","65"
"Nationeel Potato Chips","2112.0000","90"
"Nationeel Raisins","1219.2000","57"
"Nationeel Raspberry Fruit Roll","2137.2600","14"
"Nationeel Salsa Dip","894.4000","96"
"Nationeel Salted Pretzels","1388.5900","40"
"Nationeel Sesame Crackers","1662.8400","9"
"Nationeel Strawberry Fruit Roll","998.2800","25"
"Nationeel Sugar Cookies","1417.0800","96"
"Pearl Chablis Wine","1653.5600","10"
"Pearl Chardonnay","977.8800","56"
"Pearl Chardonnay Wine","379.6000","53"
"Pearl Imported Beer","535.9900","95"
"Pearl Light Beer","1102.9800","19"
"Pearl Light Wine","303.8100","8"
"Pearl Merlot Wine","311.0400","78"
"Pearl White Zinfandel Wine","1169.2800","71"
"PigTail Apple Cinnamon Waffles","269.5000","19"
"PigTail Beef TV Dinner","1166.3000","79"
"PigTail Blueberry Waffles","1111.8600","41"
"PigTail Chicken TV Dinner","568.3200","64"
"PigTail Fajita French Fries","1124.9700","96"
"PigTail Frozen Broccoli","690.8800","92"
"PigTail Frozen Carrots","962.6400","71"
"PigTail Frozen Cauliflower","802.2700","76"
"PigTail Frozen Cheese Pizza","1396.5600","68"
"PigTail Frozen Chicken Breast","732.3500","10"
"PigTail Frozen Chicken Thighs","1290.6400","46"
"PigTail Frozen Chicken Wings","1890.3300","99"
"PigTail Frozen Corn","1879.6000","57"
"PigTail Frozen Mushroom Pizza","673.9700","89"
"PigTail Frozen Pancakes","797.0400","72"
"PigTail Frozen Peas","856.5600","95"
"PigTail Frozen Pepperoni Pizza","883.6800","60"
"PigTail Frozen Sausage Pizza","742.4000","15"
"PigTail Grape Popsicles","313.7600","90"
"PigTail Home Style French Fries","448.7400","7"
"PigTail Ice Cream","418.9000","61"
"PigTail Ice Cream Sandwich","602.6000","88"
"PigTail Lemon Popsicles","613.1200","55"
"PigTail Lime Popsicles","613.8000","13"
"PigTail Low Fat French Fries","2125.1000","94"
"PigTail Low Fat Waffles","262.1400","36"
"PigTail Orange Popsicles","588.0400","93"
"PigTail Pancake Mix","311.4600","62"
"PigTail Popsicles","1837.8700","27"
"PigTail Turkey TV Dinner","1382.2500","50"
"PigTail Waffles","1214.0800","68"
"Plato Apple Butter","1069.3200","92"
"Plato Apple Jam","673.7800","54"
"Plato Apple Jelly","1609.2000","93"
"Plato Apple Preserves","1821.5100","3"
"Plato Brown Sugar","730.3600","33"
"Plato Canola Oil","629.4100","58"
"Plato Chunky Peanut Butter","1401.4000","91"
"Plato Columbian Coffee","268.8000","83"
"Plato Corn Oil","425.8100","42"
"Plato Creamy Peanut Butter","1234.2400","58"
"Plato Decaf Coffee","1478.0600","65"
"Plato Extra Chunky Peanut Butter","902.1600","48"
"Plato French Roast Coffee","1660.5600","48"
"Plato Grape Jam","997.9200","92"
"Plato Grape Jelly","657.1200","20"
"Plato Grape Preserves","378.8700","22"
"Plato Hot Chocolate","335.1200","49"
"Plato Low Fat Apple Butter","1589.5000","78"
"Plato Oregano","1050.9000","42"
"Plato Pepper","1809.4000","75"
"Plato Regular Coffee","1136.6100","52"
"Plato Salt","710.0100","32"
"Plato Sesame Oil","774.8000","6"
"Plato Strawberry Jam","605.0000","29"
"Plato Strawberry Jelly","816.9600","28"
"Plato Strawberry Preserves","782.3200","53"
"Plato Tomato Sauce","1984.8500","79"
"Plato Vegetable Oil","668.2000","39"
"Plato White Sugar","906.4400","54"
"Pleasant Beef Soup","786.5000","56"
"Pleasant Canned Beets","389.5200","15"
"Pleasant Canned Peas","1424.9400","7"
"Pleasant Canned String Beans","732.8000","89"
"Pleasant Canned Tomatos","1865.5000","25"
"Pleasant Canned Tuna in Oil","601.4300","55"
"Pleasant Canned Tuna in Water","1619.1200","100"
"Pleasant Canned Yams","1842.0800","36"
"Pleasant Chicken Noodle Soup","700.8500","77"
"Pleasant Chicken Ramen Soup","1624.3200","77"
"Pleasant Chicken Soup","750.1000","56"
"Pleasant Creamed Corn","626.5800","47"
"Pleasant Fancy Canned Anchovies","2070.8800","65"
"Pleasant Fancy Canned Clams","439.2400","85"
"Pleasant Fancy Canned Oysters","1421.5500","33"
"Pleasant Fancy Canned Sardines","978.0100","4"
"Pleasant Large Canned Shrimp","1645.3800","23"
"Pleasant Noodle Soup","1401.2000","99"
"Pleasant Regular Ramen Soup","1545.7700","31"
"Pleasant Rice Soup","435.6000","56"
"Pleasant Turkey Noodle Soup","606.0600","86"
"Pleasant Vegetable Soup","1342.3100","63"
"Portsmouth Chablis Wine","912.8700","58"
"Portsmouth Chardonnay","1387.8000","96"
"Portsmouth Chardonnay Wine","1944.8100","12"
"Portsmouth Imported Beer","1289.5200","64"
"Portsmouth Light Beer","2133.7700","88"
"Portsmouth Light Wine","1409.2000","48"
"Portsmouth Merlot Wine","1592.8500","75"
"Portsmouth White Zinfandel Wine","895.9000","31"
"Prelude Rosy Sunglasses","1228.2000","29"
"Queen City Map","1342.3200","52"
"Queen Eyeglass Screwdriver","440.5500","73"
"Quick Extra Lean Hamburger","1414.6200","9"
"Quick Seasoned Hamburger","1965.6000","25"
"Radius Corn Puffs","681.7200","95"
"Radius Grits","429.1400","5"
"Radius Oatmeal","1353.5500","37"
"Radius Wheat Puffs","1388.6400","69"
"Red Spade Beef Bologna","1868.7200","34"
"Red Spade Chicken Hot Dogs","1345.2000","61"
"Red Spade Cole Slaw","551.9300","6"
"Red Spade Corned Beef","1301.5000","42"
"Red Spade Foot-Long Hot Dogs","1680.3200","93"
"Red Spade Low Fat Bologna","1929.8400","39"
"Red Spade Low Fat Cole Slaw","1590.3000","15"
"Red Spade Pimento Loaf","695.5200","56"
"Red Spade Potato Salad","333.8800","36"
"Red Spade Roasted Chicken","1253.0400","10"
"Red Spade Sliced Chicken","900.7700","42"
"Red Spade Sliced Ham","832.1000","79"
"Red Spade Sliced Turkey","1230.2400","70"
"Red Spade Turkey Hot Dogs","991.3800","11"
"Red Wing 100 Watt Lightbulb","873.1800","44"
"Red Wing 25 Watt Lightbulb","1687.4400","89"
"Red Wing 60 Watt Lightbulb","823.2700","12"
"Red Wing 75 Watt Lightbulb","1435.9200","89"
"Red Wing AA-Size Batteries","1299.5000","13"
"Red Wing AAA-Size Batteries","2033.1900","96"
"Red Wing Bees Wax Candles","950.0400","42"
"Red Wing C-Size Batteries","1673.2800","20"
"Red Wing Copper Cleaner","1985.0100","70"
"Red Wing Copper Pot Scrubber","1745.8000","93"
"Red Wing Counter Cleaner","578.4600","57"
"Red Wing D-Size Batteries","808.5000","6"
"Red Wing Economy Toilet Brush","460.6500","54"
"Red Wing Frying Pan","1396.5300","51"
"Red Wing Glass Cleaner","1086.9600","96"
"Red Wing Large Sponge","365.7300","26"
"Red Wing Paper Cups","1037.7400","39"
"Red Wing Paper Plates","1644.5600","20"
"Red Wing Paper Towels","311.0400","78"
"Red Wing Plastic Forks","1556.5900","35"
"Red Wing Plastic Knives","2321.2500","36"
"Red Wing Plastic Spoons","1837.2600","73"
"Red Wing Room Freshener","1743.4500","61"
"Red Wing Scented Tissue","1340.9600","82"
"Red Wing Scented Toilet Tissue","1616.2400","29"
"Red Wing Scissors","399.3400","97"
"Red Wing Screw Driver","1735.3600","98"
"Red Wing Silver Cleaner","726.2700","98"
"Red Wing Soft Napkins","943.4600","97"
"Red Wing Tissues","798.7500","91"
"Red Wing Toilet Bowl Cleaner","1413.2800","65"
"Red Wing Toilet Paper","1153.2800","50"
"Robust Monthly Auto Magazine","294.0000","53"
"Robust Monthly Computer Magazine","652.6800","17"
"Robust Monthly Fashion Magazine","1516.8000","23"
"Robust Monthly Home Magazine","892.9800","61"
"Robust Monthly Sports Magazine","1242.4100","39"
"Shady Lake Manicotti","1637.3700","9"
"Shady Lake Ravioli","1413.1300","28"
"Shady Lake Rice Medly","410.9000","14"
"Shady Lake Spaghetti","1276.2600","84"
"Shady Lake Thai Rice","1537.0700","79"
"Ship Shape Extra Lean Hamburger","1541.4300","44"
"Ship Shape Seasoned Hamburger","918.7500","81"
"Skinner Apple Drink","349.7400","74"
"Skinner Apple Juice","1200.5400","26"
"Skinner Berry Juice","1082.1600","8"
"Skinner Cola","608.8400","60"
"Skinner Cranberry Juice","278.7700","75"
"Skinner Cream Soda","856.7100","98"
"Skinner Diet Cola","655.1400","65"
"Skinner Diet Soda","1827.6600","28"
"Skinner Mango Drink","2097.8800","43"
"Skinner Orange Juice","1140.7200","30"
"Skinner Strawberry Drink","1411.3200","22"
"Special Corn Puffs","1163.7900","19"
"Special Grits","1471.3800","29"
"Special Oatmeal","1773.1700","88"
"Special Wheat Puffs","1876.9500","54"
"Sphinx Bagels","1046.7600","6"
"Sphinx Blueberry Muffins","1106.8400","65"
"Sphinx Cranberry Muffins","1008.5800","8"
"Sphinx English Muffins","855.5600","44"
"Sphinx Muffins","772.1600","95"
"Sphinx Pumpernickel Bread","294.6800","43"
"Sphinx Rye Bread","698.2800","31"
"Sphinx Wheat Bread","1123.2000","23"
"Sphinx White Bread","1734.5600","21"
"Steady 200 MG Acetominifen","948.6000","37"
"Steady 200 MG Ibuprofen","1731.9600","23"
"Steady Angled Toothbrush","532.8000","2"
"Steady Apricot Shampoo","1334.8000","37"
"Steady Buffered Aspirin","744.0800","79"
"Steady Childrens Aspirin","951.7800","86"
"Steady Childrens Cold Remedy","440.8600","92"
"Steady Conditioning Shampoo","854.6600","5"
"Steady Deodorant","371.8500","43"
"Steady Dishwasher Detergent","1024.8300","3"
"Steady Extra Moisture Shampoo","982.8000","83"
"Steady HCL Nasal Spray","1183.9700","8"
"Steady Laundry Detergent","326.6100","86"
"Steady Mint Mouthwash","1220.8000","10"
"Steady Multi-Symptom Cold Remedy","1897.0000","90"
"Steady Silky Smooth Hair Conditioner","800.4000","21"
"Steady Tartar Control Toothpaste","753.9200","34"
"Steady Toothpaste","1168.4400","7"
"Steady Whitening Toothpast","405.6000","29"
"Sunset 100 Watt Lightbulb","910.2000","23"
"Sunset 25 Watt Lightbulb","1426.9200","30"
"Sunset 60 Watt Lightbulb","1041.6000","77"
"Sunset 75 Watt Lightbulb","1147.9100","98"
"Sunset AA-Size Batteries","1519.2500","60"
"Sunset AAA-Size Batteries","2052.1200","4"
"Sunset Bees Wax Candles","281.6800","37"
"Sunset C-Size Batteries","1144.8000","75"
"Sunset Copper Cleaner","500.1800","64"
"Sunset Copper Pot Scrubber","1510.5000","94"
"Sunset Counter Cleaner","507.9600","77"
"Sunset D-Size Batteries","1529.0500","3"
"Sunset Economy Toilet Brush","345.0300","82"
"Sunset Frying Pan","1368.5500","5"
"Sunset Glass Cleaner","1019.3500","74"
"Sunset Large Sponge","1138.1000","56"
"Sunset Paper Cups","1635.8600","56"
"Sunset Paper Plates","1006.2500","14"
"Sunset Paper Towels","859.4300","97"
"Sunset Plastic Forks","683.6500","49"
"Sunset Plastic Knives","1444.3400","50"
"Sunset Plastic Spoons","1494.4300","2"
"Sunset Room Freshener","1354.2000","59"
"Sunset Scented Tissue","984.3400","88"
"Sunset Scented Toilet Tissue","1297.5900","64"
"Sunset Scissors","854.8400","54"
"Sunset Screw Driver","1070.5500","80"
"Sunset Silver Cleaner","364.1400","37"
"Sunset Soft Napkins","1965.6000","44"
"Sunset Tissues","864.9600","11"
"Sunset Toilet Bowl Cleaner","573.0400","18"
"Sunset Toilet Paper","491.9200","57"
"Super Apple Butter","298.3900","32"
"Super Apple Jam","1956.0300","87"
"Super Apple Jelly","1377.7200","40"
"Super Apple Preserves","437.7600","39"
"Super Brown Sugar","708.5800","73"
"Super Canola Oil","571.5600","49"
"Super Chunky Peanut Butter","588.0600","24"
"Super Columbian Coffee","245.0000","74"
"Super Corn Oil","1002.7400","96"
"Super Creamy Peanut Butter","898.3600","61"
"Super Decaf Coffee","705.5500","16"
"Super Extra Chunky Peanut Butter","2211.8200","93"
"Super French Roast Coffee","1510.0800","20"
"Super Grape Jam","1181.2500","18"
"Super Grape Jelly","1197.5500","30"
"Super Grape Preserves","1656.7200","94"
"Super Hot Chocolate","970.9200","82"
"Super Low Fat Apple Butter","863.5200","29"
"Super Oregano","1821.6000","93"
"Super Pepper","1412.1700","84"
"Super Regular Coffee","833.0000","37"
"Super Salt","1740.4800","34"
"Super Sesame Oil","1490.5800","57"
"Super Strawberry Jam","2094.8400","81"
"Super Strawberry Jelly","547.2000","37"
"Super Strawberry Preserves","1120.5200","38"
"Super Tomato Sauce","828.8000","80"
"Super Vegetable Oil","1125.5400","86"
"Super White Sugar","901.6800","88"
"Swell Canned Mixed Fruit","1408.6800","85"
"Swell Canned Peaches","942.1400","58"
"Symphony Rosy Sunglasses","841.6000","37"
"Tell Tale Almonds","1932.0000","10"
"Tell Tale Asparagus","1816.3600","34"
"Tell Tale Baby Onion","1494.9200","42"
"Tell Tale Beets","1391.0000","9"
"Tell Tale Broccoli","901.3800","15"
"Tell Tale Canned Peanuts","1581.0000","46"
"Tell Tale Cantelope","2284.3600","85"
"Tell Tale Cauliflower","1069.6400","90"
"Tell Tale Corn on the Cob","1162.0600","95"
"Tell Tale Dried Mushrooms","875.8000","8"
"Tell Tale Elephant Garlic","1462.5600","47"
"Tell Tale Fancy Plums","392.3600","15"
"Tell Tale Firm Tofu","978.6200","31"
"Tell Tale Fresh Lima Beans","2212.6600","8"
"Tell Tale Fuji Apples","2014.6500","47"
"Tell Tale Garlic","582.6600","12"
"Tell Tale Golden Delcious Apples","1978.3800","17"
"Tell Tale Green Pepper","889.3500","47"
"Tell Tale Honey Dew","1492.4000","87"
"Tell Tale Lemons","348.3100","92"
"Tell Tale Lettuce","1115.1000","99"
"Tell Tale Limes","1037.7600","21"
"Tell Tale Macintosh Apples","1173.9200","6"
"Tell Tale Mandarin Oranges","911.0700","65"
"Tell Tale Mixed Nuts","1019.3500","10"
"Tell Tale Mushrooms","1367.5200","52"
"Tell Tale New Potatos","658.9200","31"
"Tell Tale Onions","1200.1800","98"
"Tell Tale Oranges","949.4400","97"
"Tell Tale Party Nuts","1653.0000","92"
"Tell Tale Peaches","304.5000","67"
"Tell Tale Plums","1375.4800","58"
"Tell Tale Potatos","387.2400","89"
"Tell Tale Prepared Salad","1230.2500","73"
"Tell Tale Red Delcious Apples","959.5000","95"
"Tell Tale Red Pepper","1017.1100","58"
"Tell Tale Shitake Mushrooms","1670.7600","5"
"Tell Tale Squash","1023.0000","49"
"Tell Tale Summer Squash","411.7200","31"
"Tell Tale Sweet Onion","818.7200","8"
"Tell Tale Sweet Peas","1184.7900","42"
"Tell Tale Tangerines","901.3200","87"
"Tell Tale Tomatos","1443.3000","12"
"Tell Tale Walnuts","870.4200","95"
"Thresher Bubble Gum","663.7800","43"
"Thresher Malted Milk Balls","962.2200","28"
"Thresher Mint Chocolate Bar","996.9300","8"
"Thresher Mints","1011.7900","55"
"Thresher Semi-Sweet Chocolate Bar","1097.6900","53"
"Thresher Spicy Mints","2113.3500","99"
"Thresher Tasty Candy Bar","1912.6400","36"
"Thresher White Chocolate Bar","1531.3500","81"
"Tip Top Lox","361.0300","99"
"Tip Top Scallops","1810.8000","54"
"Token Apple Drink","382.5800","68"
"Token Apple Juice","395.0800","80"
"Token Berry Juice","1035.0000","96"
"Token Cola","698.6000","42"
"Token Cranberry Juice","460.2000","18"
"Token Cream Soda","708.2100","65"
"Token Diet Cola","352.5500","69"
"Token Diet Soda","884.0000","52"
"Token Mango Drink","1348.0800","53"
"Token Orange Juice","1383.2000","7"
"Token Strawberry Drink","817.8800","75"
"Top Measure Chablis Wine","1816.3200","56"
"Top Measure Chardonnay","1228.9200","53"
"Top Measure Chardonnay Wine","240.1200","96"
"Top Measure Imported Beer","504.9000","22"
"Top Measure Light Beer","541.5000","22"
"Top Measure Light Wine","1868.1600","40"
"Top Measure Merlot Wine","386.3700","34"
"Top Measure White Zinfandel Wine","408.8000","49"
"Toretti Rosy Sunglasses","623.1500","43"
"Toucan Canned Mixed Fruit","831.6000","69"
"Toucan Canned Peaches","801.7800","17"
"Tri-State Almonds","936.3200","75"
"Tri-State Asparagus","403.2600","27"
"Tri-State Baby Onion","1375.5000","5"
"Tri-State Beets","1686.0600","44"
"Tri-State Broccoli","730.3000","5"
"Tri-State Canned Peanuts","393.5500","92"
"Tri-State Cantelope","1403.2200","48"
"Tri-State Cauliflower","473.0400","62"
"Tri-State Corn on the Cob","1615.6000","65"
"Tri-State Dried Mushrooms","1461.6000","39"
"Tri-State Elephant Garlic","971.2800","97"
"Tri-State Fancy Plums","1310.2800","70"
"Tri-State Firm Tofu","844.9400","57"
"Tri-State Fresh Lima Beans","1370.5200","75"
"Tri-State Fuji Apples","1342.3100","5"
"Tri-State Garlic","391.4600","94"
"Tri-State Golden Delcious Apples","1050.5600","60"
"Tri-State Green Pepper","1627.0800","18"
"Tri-State Honey Dew","792.3600","9"
"Tri-State Lemons","876.1500","87"
"Tri-State Lettuce","1575.4900","11"
"Tri-State Limes","1192.8000","89"
"Tri-State Macintosh Apples","1082.9000","15"
"Tri-State Mandarin Oranges","1525.1500","5"
"Tri-State Mixed Nuts","915.2000","79"
"Tri-State Mushrooms","640.3200","82"
"Tri-State New Potatos","377.2100","71"
"Tri-State Onions","1060.0700","12"
"Tri-State Oranges","1757.6900","42"
"Tri-State Party Nuts","1480.6900","73"
"Tri-State Peaches","1338.8800","42"
"Tri-State Plums","1633.0600","87"
"Tri-State Potatos","1191.6800","14"
"Tri-State Prepared Salad","1197.5000","3"
"Tri-State Red Delcious Apples","2086.5800","72"
"Tri-State Red Pepper","2020.1400","51"
"Tri-State Shitake Mushrooms","1596.8500","41"
"Tri-State Squash","818.4000","49"
"Tri-State Summer Squash","261.8000","21"
"Tri-State Sweet Onion","887.0500","55"
"Tri-State Sweet Peas","1782.8400","16"
"Tri-State Tangerines","335.4200","11"
"Tri-State Tomatos","1038.7000","9"
"Tri-State Walnuts","492.8000","7"
"Urban Egg Substitute","744.9000","10"
"Urban Large Brown Eggs","1099.0600","29"
"Urban Large Eggs","690.3700","14"
"Urban Small Brown Eggs","1370.0500","83"
"Urban Small Eggs","2060.7400","72"
"Walrus Chablis Wine","1339.9600","14"
"Walrus Chardonnay","1767.0000","49"
"Walrus Chardonnay Wine","385.9500","6"
"Walrus Imported Beer","1404.3200","77"
"Walrus Light Beer","1351.9800","70"
"Walrus Light Wine","1000.7300","19"
"Walrus Merlot Wine","1527.9200","82"
"Walrus White Zinfandel Wine","827.5400","57"
"Washington Apple Drink","1965.6000","36"
"Washington Apple Juice","660.3000","10"
"Washington Berry Juice","698.2500","40"
"Washington Cola","602.6000","69"
"Washington Cranberry Juice","1134.9800","25"
"Washington Cream Soda","1670.7600","15"
"Washington Diet Cola","1244.9700","99"
"Washington Diet Soda","963.6000","53"
"Washington Mango Drink","348.5400","68"
"Washington Orange Juice","1336.4400","80"
"Washington Strawberry Drink","371.0100","95"
